{"cameraMode":{"drawMode":0,"name":"Shaded","section":"Shading Mode"},"sceneLighting":true,"audioPlay":false,"sceneViewState":{"m_AlwaysRefresh":false,"showFog":true,"showSkybox":true,"showFlares":true,"showImageEffects":true,"showParticleSystems":true,"showVisualEffectGraphs":true,"m_FxEnabled":true},"in2DMode":false,"pivot":{"x":8.67754077911377,"y":-12.822135925292969,"z":63.04475402832031},"rotation":{"x":0.13929811120033265,"y":0.02110038325190544,"z":-0.002878983272239566,"w":0.9898086786270142},"size":39.793704986572269,"orthographic":false}